,timestamp,open,high,low,close,volume
0,2019-12-13,0.33,0.48,0.3213,0.43,2966456
1,2019-12-12,0.33,0.3453,0.3113,0.3332,969304
2,2019-12-11,0.32,0.34,0.3135,0.3189,913923
3,2019-12-10,0.3075,0.34,0.301,0.3226,3769566
4,2019-12-09,0.31,0.35,0.29,0.2927,849266
5,2019-12-06,0.346,0.35,0.32,0.32,297043
6,2019-12-05,0.346,0.35,0.346,0.346,68049
7,2019-12-04,0.35,0.35,0.345,0.345,130209
8,2019-12-03,0.35,0.36,0.345,0.36,174774
9,2019-12-02,0.34,0.36,0.34,0.35,230612
10,2019-11-29,0.36,0.36,0.3402,0.3455,176636
11,2019-11-27,0.33,0.36,0.31,0.344,503315
12,2019-11-26,0.38,0.38,0.34,0.3492,156739
13,2019-11-25,0.3781,0.38,0.36,0.3799,114512
14,2019-11-22,0.3799,0.39,0.3515,0.377,271086
15,2019-11-21,0.4,0.4,0.37,0.3799,143899
16,2019-11-20,0.35,0.39,0.3401,0.37,426012
17,2019-11-19,0.31,0.3499,0.31,0.3373,854119
18,2019-11-18,0.2915,0.3236,0.2913,0.3196,505764
19,2019-11-15,0.29,0.3,0.29,0.2913,236388
20,2019-11-14,0.2919,0.3,0.2919,0.2985,199190
21,2019-11-13,0.2918,0.3,0.2918,0.3,40677
22,2019-11-12,0.3,0.318,0.2917,0.2999,427802
23,2019-11-11,0.3,0.3032,0.29,0.2959,218816
24,2019-11-08,0.32,0.32,0.3043,0.3115,214980
25,2019-11-07,0.32,0.3232,0.3126,0.3126,172732
26,2019-11-06,0.33,0.33,0.31,0.3179,205334
27,2019-11-05,0.319,0.33,0.3111,0.3278,180750
28,2019-11-04,0.33,0.3395,0.307,0.307,272368
29,2019-11-01,0.33,0.34,0.3101,0.3101,92006
30,2019-10-31,0.335,0.34,0.3201,0.325,300632
31,2019-10-30,0.3133,0.34,0.31,0.32,284529
32,2019-10-29,0.3098,0.32,0.3,0.31,184484
33,2019-10-28,0.2985,0.31,0.297,0.298,257379
34,2019-10-25,0.2999,0.32,0.29,0.2985,165477
35,2019-10-24,0.31,0.31,0.29,0.309,118419
36,2019-10-23,0.31,0.33,0.303,0.305,115645
37,2019-10-22,0.32,0.33,0.3,0.31,153345
38,2019-10-21,0.33,0.3369,0.301,0.316,184222
39,2019-10-18,0.3382,0.3382,0.315,0.32,140255
40,2019-10-17,0.31,0.3499,0.31,0.3221,201968
41,2019-10-16,0.35,0.35,0.3101,0.3197,93652
42,2019-10-15,0.3,0.39,0.3,0.3344,481349
43,2019-10-14,0.3,0.31,0.28,0.31,213918
44,2019-10-11,0.3251,0.331,0.281,0.2899,551694
45,2019-10-10,0.38,0.38,0.3038,0.3038,766886
46,2019-10-09,0.38,0.3845,0.369,0.369,58691
47,2019-10-08,0.37,0.38,0.37,0.3799,32211
48,2019-10-07,0.38,0.3899,0.3666,0.3666,122005
49,2019-10-04,0.39,0.39,0.377,0.379,202675
50,2019-10-03,0.3745,0.3975,0.36,0.39,155063
51,2019-10-02,0.37,0.39,0.35,0.369,317498
52,2019-10-01,0.3652,0.4077,0.36,0.36,122948
53,2019-09-30,0.38,0.388,0.3495,0.3581,282796
54,2019-09-27,0.38,0.4091,0.37,0.37,288017
55,2019-09-26,0.39,0.4199,0.3801,0.3951,86682
56,2019-09-25,0.4111,0.4229,0.3711,0.3711,69042
57,2019-09-24,0.42,0.42,0.4005,0.4056,83567
58,2019-09-23,0.415,0.44,0.402,0.4199,122470
59,2019-09-20,0.4093,0.4436,0.392,0.415,323960
60,2019-09-19,0.405,0.4299,0.4,0.4167,72322
61,2019-09-18,0.42,0.47,0.4,0.406,351919
62,2019-09-17,0.41,0.445,0.4,0.415,237575
63,2019-09-16,0.4053,0.41,0.39,0.409,126559
64,2019-09-13,0.39,0.4099,0.3801,0.395,104262
65,2019-09-12,0.405,0.453,0.38,0.4019,384971
66,2019-09-11,0.36,0.405,0.331,0.405,292852
67,2019-09-10,0.325,0.36,0.3,0.36,779427
68,2019-09-09,0.36,0.36,0.3251,0.3299,518013
69,2019-09-06,0.338,0.3698,0.3308,0.36,136324
70,2019-09-05,0.4074,0.41,0.33,0.345,1096461
71,2019-09-04,0.35,0.425,0.3401,0.4074,1416375
72,2019-09-03,0.35,0.35,0.3303,0.34,297825
73,2019-08-30,0.33,0.35,0.32,0.35,295238
74,2019-08-29,0.35,0.35,0.2693,0.3101,1997883
75,2019-08-28,0.37,0.38,0.33,0.3442,887298
76,2019-08-27,0.37,0.3749,0.3605,0.3699,222524
77,2019-08-26,0.3875,0.3875,0.3611,0.37,121456
78,2019-08-23,0.3755,0.3937,0.3605,0.38,188679
79,2019-08-22,0.39,0.394,0.3805,0.3862,77828
80,2019-08-21,0.3855,0.394,0.38,0.3877,133302
81,2019-08-20,0.39,0.4,0.3777,0.3851,235510
82,2019-08-19,0.39,0.39,0.3777,0.3875,116392
83,2019-08-16,0.41,0.41,0.38,0.3974,251965
84,2019-08-15,0.4001,0.4202,0.39,0.392,161117
85,2019-08-14,0.41,0.41,0.4,0.4001,48938
86,2019-08-13,0.417,0.43,0.401,0.405,148941
87,2019-08-12,0.4399,0.4399,0.4011,0.4069,63251
88,2019-08-09,0.4199,0.45,0.4112,0.4155,88510
89,2019-08-08,0.4219,0.427,0.4062,0.4062,148687
90,2019-08-07,0.4103,0.4219,0.4103,0.4178,55861
91,2019-08-06,0.4275,0.4319,0.41,0.4197,91938
92,2019-08-05,0.4295,0.43,0.41,0.411,126950
93,2019-08-02,0.433,0.4494,0.4132,0.4296,254421
94,2019-08-01,0.457,0.48,0.43,0.43,92239
95,2019-07-31,0.4601,0.4899,0.4462,0.4462,93013
96,2019-07-30,0.47,0.4749,0.445,0.4717,65536
97,2019-07-29,0.4375,0.5,0.43,0.45,74878
98,2019-07-26,0.4478,0.4545,0.4346,0.4454,53091
99,2019-07-25,0.455,0.4598,0.43,0.4372,71444
100,2019-07-24,0.436,0.459,0.4343,0.458,99940
101,2019-07-23,0.46,0.4699,0.4132,0.4397,163473
102,2019-07-22,0.5,0.5,0.435,0.4611,108827
103,2019-07-19,0.462,0.4999,0.4511,0.4774,129342
104,2019-07-18,0.4899,0.49,0.4203,0.44,294972
105,2019-07-17,0.4899,0.4999,0.489,0.4899,41420
106,2019-07-16,0.57,0.57,0.47,0.4894,418009
107,2019-07-15,0.476,0.512,0.476,0.4863,45613
108,2019-07-12,0.493,0.5149,0.4704,0.476,137829
109,2019-07-11,0.472,0.52,0.47,0.493,84283
110,2019-07-10,0.5,0.5047,0.485,0.485,158637
111,2019-07-09,0.5121,0.5296,0.5,0.5,110536
112,2019-07-08,0.52,0.53,0.51,0.515,61306
113,2019-07-05,0.55,0.55,0.51,0.529,102933
114,2019-07-03,0.5599,0.5599,0.51,0.51,220947
115,2019-07-02,0.55,0.57,0.54,0.5599,208962
116,2019-07-01,0.5355,0.55,0.5101,0.52,504506
117,2019-06-28,0.481,0.55,0.481,0.51,624953
118,2019-06-27,0.49,0.52,0.49,0.495,195301
119,2019-06-26,0.4999,0.5,0.4797,0.49,241395
120,2019-06-25,0.485,0.515,0.48,0.5006,374326
121,2019-06-24,0.5,0.5013,0.48,0.485,270254
122,2019-06-21,0.4842,0.5,0.48,0.4899,114918
123,2019-06-20,0.51,0.51,0.48,0.485,114064
124,2019-06-19,0.485,0.53,0.47,0.4717,328996
125,2019-06-18,0.472,0.4926,0.472,0.485,154133
126,2019-06-17,0.4676,0.4994,0.4676,0.4692,192433
127,2019-06-14,0.455,0.48,0.45,0.4676,218838
128,2019-06-13,0.49,0.49,0.464,0.465,297296
129,2019-06-12,0.53,0.56,0.4633,0.4904,506249
130,2019-06-11,0.45,0.57,0.4311,0.505,2830630
131,2019-06-10,0.414,0.436,0.41,0.4218,418888
132,2019-06-07,0.5,0.5,0.4128,0.4294,1121187
133,2019-06-06,0.49,0.67,0.45,0.46,16588633
134,2019-06-05,0.412,0.43,0.412,0.412,36065
135,2019-06-04,0.43,0.43,0.4002,0.407,69237
136,2019-06-03,0.425,0.448,0.4022,0.41,140603
137,2019-05-31,0.43,0.4499,0.403,0.418,402868
138,2019-05-30,0.4,0.425,0.39,0.422,339425
139,2019-05-29,0.4232,0.4233,0.41,0.41,101715
140,2019-05-28,0.4,0.43,0.4,0.4031,102447
141,2019-05-24,0.42,0.425,0.4,0.4,262501
142,2019-05-23,0.437,0.44,0.4,0.4102,483377
143,2019-05-22,0.449,0.475,0.43,0.437,298994
144,2019-05-21,0.46,0.47,0.4226,0.443,251329
145,2019-05-20,0.4899,0.508,0.43,0.453,351731
146,2019-05-17,0.4905,0.4975,0.4721,0.4899,230221
147,2019-05-16,0.5053,0.51,0.483,0.484,224908
148,2019-05-15,0.51,0.51,0.4821,0.499,555626
149,2019-05-14,0.51,0.59,0.496,0.505,327562
150,2019-05-13,0.502,0.5065,0.47,0.4991,243314
151,2019-05-10,0.558,0.5699,0.51,0.514,231934
152,2019-05-09,0.54,0.5824,0.5201,0.5369,112818
153,2019-05-08,0.5333,0.5604,0.52,0.5327,180450
154,2019-05-07,0.59,0.59,0.52,0.53,326625
155,2019-05-06,0.602,0.602,0.5306,0.5731,282575
156,2019-05-03,0.576,0.61,0.57,0.6024,546348
157,2019-05-02,0.6,0.6,0.5302,0.559,401726
158,2019-05-01,0.522,0.61,0.512,0.6059,1389349
159,2019-04-30,0.5,0.5304,0.4931,0.512,381458
160,2019-04-29,0.485,0.51,0.4751,0.5,263461
161,2019-04-26,0.4874,0.4954,0.47,0.493,212199
162,2019-04-25,0.4958,0.4958,0.46,0.48,270539
163,2019-04-24,0.4802,0.498,0.48,0.48,494843
164,2019-04-23,0.498,0.4999,0.4756,0.4803,881337
165,2019-04-22,0.5299,0.53,0.471,0.5002,822973
166,2019-04-18,0.58,0.58,0.53,0.5306,744137
167,2019-04-17,0.52,0.598,0.5,0.59,1812786
168,2019-04-16,0.68,0.68,0.52,0.56,5019166
169,2019-04-15,0.6,0.6547,0.59,0.641,2031971
170,2019-04-12,0.5941,0.64,0.5601,0.588,1823427
171,2019-04-11,0.68,0.6889,0.56,0.5946,2954093
172,2019-04-10,0.56,0.8,0.55,0.65,13141670
173,2019-04-09,0.475,0.58,0.47,0.5419,5737805
174,2019-04-08,0.4997,0.5,0.447,0.47,934443
175,2019-04-05,0.492,0.5179,0.44,0.47,2671161
176,2019-04-04,0.41,0.51,0.3911,0.48,6273427
177,2019-04-03,0.4076,0.4076,0.39,0.39,338979
178,2019-04-02,0.41,0.43,0.38,0.4,690428
179,2019-04-01,0.4001,0.4201,0.395,0.4094,322539
180,2019-03-29,0.4,0.4275,0.391,0.3977,277501
181,2019-03-28,0.405,0.42,0.391,0.401,417722
182,2019-03-27,0.4534,0.4677,0.3633,0.4051,943498
183,2019-03-26,0.4649,0.465,0.4303,0.44,595925
184,2019-03-25,0.436,0.4699,0.43,0.455,993196
185,2019-03-22,0.464,0.464,0.435,0.444,572127
186,2019-03-21,0.47,0.479,0.4389,0.46,1148214
187,2019-03-20,0.37,0.47,0.3625,0.46,3348402
188,2019-03-19,0.3776,0.3776,0.36,0.36,711848
189,2019-03-18,0.4,0.408,0.3721,0.3797,394581
190,2019-03-15,0.4093,0.4093,0.37,0.37,624253
191,2019-03-14,0.42,0.43,0.3994,0.3999,734689
192,2019-03-13,0.4125,0.4147,0.4,0.405,654950
193,2019-03-12,0.415,0.4298,0.4033,0.4099,163209
194,2019-03-11,0.41,0.42,0.41,0.415,181457
195,2019-03-08,0.4075,0.4198,0.4,0.4011,137689
196,2019-03-07,0.4222,0.43,0.4,0.4001,314630
197,2019-03-06,0.43,0.4489,0.4002,0.4231,364794
198,2019-03-05,0.45,0.465,0.41,0.4229,678611
199,2019-03-04,0.5,0.5,0.45,0.4595,449182
200,2019-03-01,0.4712,0.4896,0.45,0.4599,288027
201,2019-02-28,0.5,0.52,0.4701,0.4711,548909
202,2019-02-27,0.4999,0.4999,0.4701,0.475,411759
203,2019-02-26,0.4564,0.51,0.4564,0.48,981671
204,2019-02-25,0.4796,0.4801,0.4511,0.46,390145
205,2019-02-22,0.46,0.48,0.4129,0.46,573266
206,2019-02-21,0.4632,0.48,0.4223,0.4421,319503
207,2019-02-20,0.49,0.49,0.4601,0.4632,384246
208,2019-02-19,0.46,0.48,0.44,0.4766,640531
209,2019-02-15,0.4438,0.45,0.42,0.44,707309
210,2019-02-14,0.45,0.45,0.4,0.43,745995
211,2019-02-13,0.4299,0.43,0.4001,0.408,224025
212,2019-02-12,0.42,0.43,0.4099,0.412,612787
213,2019-02-11,0.392,0.425,0.39,0.415,628843
214,2019-02-08,0.375,0.4266,0.37,0.39,1020469
215,2019-02-07,0.4456,0.453,0.355,0.375,2692020
216,2019-02-06,0.483,0.483,0.4404,0.4499,718025
217,2019-02-05,0.53,0.53,0.4401,0.4501,455530
218,2019-02-04,0.48,0.51,0.48,0.4938,272023
219,2019-02-01,0.53,0.53,0.49,0.491,372032
220,2019-01-31,0.5,0.5175,0.49,0.4988,258332
221,2019-01-30,0.51,0.52,0.4821,0.502,353658
222,2019-01-29,0.5156,0.5181,0.48,0.51,511582
223,2019-01-28,0.52,0.5277,0.46,0.5155,585398
224,2019-01-25,0.5,0.53,0.5,0.52,568076
225,2019-01-24,0.5,0.53,0.5,0.5218,584828
226,2019-01-23,0.5355,0.5455,0.51,0.52,533840
227,2019-01-22,0.5,0.56,0.49,0.545,1093683
228,2019-01-18,0.58,0.5825,0.531,0.548,837814
229,2019-01-17,0.63,0.64,0.42,0.5501,1987622
230,2019-01-16,0.5399,0.593,0.5125,0.584,1636377
231,2019-01-15,0.6106,0.6118,0.51,0.5305,1753049
232,2019-01-14,0.63,0.66,0.59,0.596,4371153
233,2019-01-11,0.585,0.6366,0.57,0.61,5699517
234,2019-01-10,0.615,0.6187,0.5481,0.5632,1967008
235,2019-01-09,0.71,0.71,0.59,0.626,2032065
236,2019-01-08,0.94,0.94,0.5805,0.683,3957728
237,2019-01-07,1.92,1.92,0.83,0.874,3918100
238,2019-01-04,1.79,1.98,1.72,1.94,217934
239,2019-01-03,1.79,1.87,1.64,1.77,186291
240,2019-01-02,1.52,1.79,1.44,1.78,185594
241,2018-12-31,1.44,1.6157,1.4399,1.53,121224
242,2018-12-28,1.37,1.51,1.37,1.44,53578
243,2018-12-27,1.39,1.4156,1.32,1.36,161233
244,2018-12-26,1.43,1.43,1.37,1.41,167226
245,2018-12-24,1.47,1.54,1.407,1.44,48672
246,2018-12-21,1.48,1.57,1.35,1.52,352942
247,2018-12-20,1.52,1.53,1.4,1.5,252470
248,2018-12-19,1.6,1.73,1.5,1.51,198067
249,2018-12-18,2.0,2.06,1.3035,1.56,1080174
250,2018-12-17,2.05,2.18,1.97,1.98,187337
251,2018-12-14,2.06,2.14,2.05,2.08,294825
252,2018-12-13,2.08,2.1706,2.023,2.05,117339
253,2018-12-12,2.05,2.13,1.99,2.06,221610
254,2018-12-11,2.12,2.15,1.97,2.02,202812
255,2018-12-10,2.14,2.2,2.02,2.06,291171
256,2018-12-07,2.08,2.29,2.05,2.15,390080
257,2018-12-06,2.37,2.4422,2.08,2.08,1003375
258,2018-12-04,2.28,2.59,2.2,2.47,1771816
259,2018-12-03,2.35,2.49,2.2549,2.27,895659
260,2018-11-30,2.38,2.6289,2.31,2.35,418775
261,2018-11-29,2.2,2.44,2.1125,2.37,519313
262,2018-11-28,2.06,2.22,2.0217,2.13,183530
263,2018-11-27,2.09,2.17,2.05,2.05,93512
264,2018-11-26,2.08,2.1736,2.0635,2.1,83833
265,2018-11-23,2.0679,2.12,2.04,2.0797,12964
266,2018-11-21,2.01,2.14,1.97,2.03,109334
267,2018-11-20,2.02,2.0499,1.96,2.02,98551
268,2018-11-19,2.13,2.13,1.98,2.02,96546
269,2018-11-16,2.12,2.36,2.08,2.09,352851
270,2018-11-15,2.0,2.14,2.0,2.11,47730
271,2018-11-14,2.09,2.09,2.01,2.04,108569
272,2018-11-13,2.13,2.24,2.0439,2.09,163304
273,2018-11-12,2.25,2.25,2.06,2.11,91394
274,2018-11-09,2.31,2.36,2.15,2.19,153143
275,2018-11-08,2.42,2.42,2.09,2.38,196320
276,2018-11-07,2.42,2.44,2.17,2.21,150847
277,2018-11-06,2.14,2.39,2.14,2.39,184223
278,2018-11-05,2.12,2.2787,2.02,2.16,769767
279,2018-11-02,2.01,2.23,2.01,2.1,231937
280,2018-11-01,2.09,2.12,2.0001,2.08,91220
281,2018-10-31,2.13,2.13,1.94,2.06,69288
282,2018-10-30,2.0,2.25,1.94,2.12,400977
283,2018-10-29,1.88,2.02,1.849,1.95,133664
284,2018-10-26,1.86,1.97,1.67,1.88,221979
285,2018-10-25,1.91,2.03,1.87,1.87,123640
286,2018-10-24,1.97,2.01,1.8501,1.89,75841
287,2018-10-23,1.84,2.0,1.84,1.95,87887
288,2018-10-22,1.93,1.93,1.82,1.87,80869
289,2018-10-19,1.96,1.99,1.86,1.91,106198
290,2018-10-18,2.0101,2.08,1.9,1.95,112176
291,2018-10-17,2.07,2.1,1.98,2.08,128229
292,2018-10-16,2.03,2.08,1.99,2.06,26540
293,2018-10-15,2.08,2.08,1.99,2.03,117548
294,2018-10-12,2.0,2.1,1.9183,2.06,94630
295,2018-10-11,1.77,2.292,1.66,1.99,235700
296,2018-10-10,1.9,1.93,1.78,1.79,74989
297,2018-10-09,1.87,1.93,1.77,1.88,231769
298,2018-10-08,2.0,2.0198,1.85,1.87,138980
299,2018-10-05,2.0,2.09,1.92,1.97,281604
300,2018-10-04,2.05,2.09,1.98,1.99,80376
301,2018-10-03,2.06,2.13,2.0,2.06,79279
302,2018-10-02,2.11,2.15,2.04,2.06,212724
303,2018-10-01,2.07,2.2,2.02,2.06,392318
304,2018-09-28,2.05,2.2,2.041,2.07,261499
305,2018-09-27,2.06,2.1121,2.01,2.04,183814
306,2018-09-26,1.94,2.15,1.9001,2.07,384825
307,2018-09-25,1.8,1.94,1.6712,1.91,393399
308,2018-09-24,1.63,1.82,1.59,1.81,163195
309,2018-09-21,1.64,1.68,1.51,1.62,358589
310,2018-09-20,1.65,1.65,1.55,1.63,201469
311,2018-09-19,1.67,1.7,1.64,1.64,65622
312,2018-09-18,1.67,1.68,1.62,1.68,179983
313,2018-09-17,1.55,1.67,1.51,1.66,185827
314,2018-09-14,1.69,1.7,1.51,1.59,206808
315,2018-09-13,1.8,1.8,1.67,1.69,227747
316,2018-09-12,1.82,1.9,1.79,1.79,59760
317,2018-09-11,1.87,1.9,1.79,1.82,121004
318,2018-09-10,1.98,1.98,1.8,1.85,212118
319,2018-09-07,2.04,2.12,1.95,1.97,179000
320,2018-09-06,2.12,2.1287,1.97,2.06,70908
321,2018-09-05,2.18,2.1956,2.0101,2.1,126664
322,2018-09-04,2.25,2.3445,2.12,2.18,98616
323,2018-08-31,2.15,2.35,2.15,2.2,291253
324,2018-08-30,2.05,2.13,2.0241,2.12,127666
325,2018-08-29,2.0025,2.08,1.98,2.02,142732
326,2018-08-28,1.95,2.02,1.9395,1.99,94482
327,2018-08-27,1.9,1.989,1.8518,1.91,108196
328,2018-08-24,1.9,1.9397,1.82,1.85,85115
329,2018-08-23,1.85,1.99,1.85,1.9,88450
330,2018-08-22,1.92,1.97,1.78,1.85,128444
331,2018-08-21,1.88,1.95,1.88,1.89,78753
332,2018-08-20,1.97,1.97,1.86,1.87,115955
333,2018-08-17,2.0,2.0029,1.9,1.94,80990
334,2018-08-16,2.01,2.0865,1.97,1.99,190195
335,2018-08-15,2.01,2.01,1.9105,1.98,111931
336,2018-08-14,2.02,2.02,1.91,2.01,86415
337,2018-08-13,2.03,2.03,1.95,1.98,58200
338,2018-08-10,1.89,2.08,1.85,2.03,126114
339,2018-08-09,1.91,1.99,1.88,1.92,116942
340,2018-08-08,1.96,2.0,1.91,1.94,67965
341,2018-08-07,1.95,1.9923,1.9,1.96,46621
342,2018-08-06,1.91,2.08,1.91,1.92,69102
343,2018-08-03,2.01,2.09,1.8501,1.91,265573
344,2018-08-02,2.0,2.09,1.9475,2.0,78547
345,2018-08-01,2.0,2.1,1.96,2.01,170185
346,2018-07-31,2.0,2.1498,1.9809,1.99,284060
347,2018-07-30,1.95,2.005,1.93,1.95,347277
348,2018-07-27,2.02,2.05,1.9,1.94,1467177
349,2018-07-26,2.25,2.3445,2.18,2.19,71948
350,2018-07-25,2.26,2.37,2.17,2.22,141470
351,2018-07-24,2.22,2.3299,2.12,2.25,499975
352,2018-07-23,2.45,2.45,2.22,2.22,204838
353,2018-07-20,2.47,2.47,2.3701,2.41,73226
354,2018-07-19,2.49,2.58,2.44,2.44,97851
355,2018-07-18,2.57,2.5932,2.38,2.48,139967
356,2018-07-17,2.59,2.72,2.54,2.58,79788
357,2018-07-16,2.65,2.73,2.55,2.59,157111
358,2018-07-13,2.81,2.9248,2.5977,2.65,301317
359,2018-07-12,2.83,2.9266,2.74,2.82,174322
360,2018-07-11,2.72,2.85,2.61,2.79,215399
361,2018-07-10,2.65,2.75,2.53,2.72,224477
362,2018-07-09,2.44,2.64,2.43,2.59,197369
363,2018-07-06,2.3287,2.495,2.3101,2.44,114041
364,2018-07-05,2.32,2.32,2.21,2.27,64797
365,2018-07-03,2.2,2.2789,2.15,2.21,44218
366,2018-07-02,2.23,2.35,2.1,2.2,287796
367,2018-06-29,2.29,2.36,2.2,2.21,81298
368,2018-06-28,2.37,2.63,2.22,2.24,198537
369,2018-06-27,2.33,2.44,2.2,2.3,98767
370,2018-06-26,2.2,2.85,2.0963,2.29,189932
371,2018-06-25,2.59,2.59,2.08,2.21,286366
372,2018-06-22,2.5,2.6,2.4301,2.58,129880
373,2018-06-21,2.65,2.69,2.35,2.48,135637
374,2018-06-20,2.55,2.75,2.5,2.64,248787
375,2018-06-19,2.6,2.75,2.45,2.55,297550
376,2018-06-18,2.4,2.75,2.3,2.55,699938
377,2018-06-15,2.05,2.3799,2.01,2.34,728715
378,2018-06-14,1.93,2.0793,1.8156,2.0,240468
379,2018-06-13,1.89,1.94,1.85,1.87,50016
380,2018-06-12,1.8954,1.91,1.8126,1.88,90722
381,2018-06-11,1.86,1.9,1.8,1.85,60886
382,2018-06-08,1.91,1.91,1.83,1.88,109278
383,2018-06-07,1.93,1.93,1.86,1.91,31402
384,2018-06-06,1.9,1.96,1.9,1.93,59395
385,2018-06-05,1.9316,1.97,1.88,1.9,34815
386,2018-06-04,1.95,1.97,1.9,1.94,14316
387,2018-06-01,1.95,2.0,1.93,1.96,187729
388,2018-05-31,1.95,2.0,1.9,1.94,69009
389,2018-05-30,1.92,2.0,1.9,1.94,96043
390,2018-05-29,1.94,1.94,1.79,1.88,68270
391,2018-05-25,1.87,1.95,1.85,1.92,40906
392,2018-05-24,1.88,1.89,1.84,1.87,24527
393,2018-05-23,1.79,1.8893,1.79,1.8504,76198
394,2018-05-22,1.85,1.8701,1.8009,1.8009,30988
395,2018-05-21,1.8198,1.85,1.8008,1.85,53927
396,2018-05-18,1.86,1.86,1.75,1.81,75053
397,2018-05-17,1.93,1.93,1.83,1.86,204192
398,2018-05-16,1.83,1.99,1.7925,1.93,109311
399,2018-05-15,1.82,1.86,1.74,1.84,148661
400,2018-05-14,1.74,1.84,1.74,1.8,111935
401,2018-05-11,1.66,1.75,1.65,1.74,37599
402,2018-05-10,1.66,1.73,1.6084,1.73,42196
403,2018-05-09,1.65,1.73,1.6,1.7,43221
404,2018-05-08,1.6,1.6528,1.595,1.63,46485
405,2018-05-07,1.55,1.64,1.55,1.63,63774
406,2018-05-04,1.5,1.57,1.5,1.57,56424
407,2018-05-03,1.56,1.57,1.49,1.5,29276
408,2018-05-02,1.4852,1.58,1.4852,1.57,66295
409,2018-05-01,1.44,1.53,1.412,1.5,163397
410,2018-04-30,1.61,1.65,1.51,1.51,68668
411,2018-04-27,1.6,1.63,1.58,1.61,27588
412,2018-04-26,1.6,1.65,1.58,1.59,65400
413,2018-04-25,1.6,1.69,1.59,1.6,77251
414,2018-04-24,1.57,1.69,1.57,1.59,126112
415,2018-04-23,1.64,1.662,1.56,1.58,53125
416,2018-04-20,1.6,1.64,1.6,1.64,40302
417,2018-04-19,1.62,1.6311,1.55,1.57,97596
418,2018-04-18,1.63,1.72,1.6,1.61,38164
419,2018-04-17,1.55,1.65,1.5,1.63,104058
420,2018-04-16,1.58,1.64,1.53,1.57,35566
421,2018-04-13,1.63,1.6467,1.56,1.57,41158
422,2018-04-12,1.6,1.68,1.6,1.62,63499
423,2018-04-11,1.55,1.72,1.55,1.6,109177
424,2018-04-10,1.55,1.75,1.55,1.62,50019
425,2018-04-09,1.59,1.6567,1.53,1.59,103107
426,2018-04-06,1.59,1.62,1.53,1.59,53764
427,2018-04-05,1.65,1.7,1.58,1.61,79229
428,2018-04-04,1.61,1.67,1.59,1.64,85869
429,2018-04-03,1.55,1.61,1.55,1.58,75575
430,2018-04-02,1.6,1.6,1.52,1.55,67819
431,2018-03-29,1.71,1.729,1.6,1.6252,53880
432,2018-03-28,1.6,1.68,1.52,1.58,227178
433,2018-03-27,1.6,1.63,1.52,1.6,317823
434,2018-03-26,1.88,1.88,1.59,1.66,247492
435,2018-03-23,1.9,2.02,1.784,1.86,221861
436,2018-03-22,1.97,2.0027,1.94,1.95,78923
437,2018-03-21,1.95,2.0,1.891,1.98,79957
438,2018-03-20,2.0,2.02,1.9,1.94,140678
439,2018-03-19,1.85,2.01,1.8,2.01,126366
440,2018-03-16,1.86,1.97,1.6015,1.9,617927
441,2018-03-15,1.98,1.98,1.87,1.88,194789
442,2018-03-14,2.0,2.08,1.9,1.99,199865
443,2018-03-13,2.13,2.16,1.9,1.98,460548
444,2018-03-12,2.09,2.29,2.06,2.13,224339
445,2018-03-09,2.2,2.2799,1.96,2.09,350226
446,2018-03-08,2.0,2.31,1.97,2.17,580525
447,2018-03-07,1.75,1.95,1.74,1.93,259762
448,2018-03-06,1.79,1.8,1.73,1.75,109274
449,2018-03-05,1.78,1.82,1.75,1.78,86905
450,2018-03-02,1.65,1.779,1.6318,1.75,76734
451,2018-03-01,1.7,1.77,1.66,1.69,90663
452,2018-02-28,1.74,1.779,1.65,1.69,100133
453,2018-02-27,1.7,1.84,1.7,1.73,122642
454,2018-02-26,1.69,1.73,1.61,1.68,228822
455,2018-02-23,1.62,1.72,1.62,1.65,98505
456,2018-02-22,1.7,1.7007,1.5732,1.63,123911
457,2018-02-21,1.74,1.75,1.61,1.64,166490
458,2018-02-20,1.7,1.83,1.647,1.69,228633
459,2018-02-16,1.51,1.69,1.47,1.65,156950
460,2018-02-15,1.59,1.59,1.5,1.52,119198
461,2018-02-14,1.53,1.62,1.5199,1.5645,77251
462,2018-02-13,1.5,1.54,1.4901,1.52,80577
463,2018-02-12,1.49,1.54,1.4683,1.5,116894
464,2018-02-09,1.6,1.6,1.43,1.455,268368
465,2018-02-08,1.64,1.64,1.55,1.6,216449
466,2018-02-07,1.68,1.99,1.61,1.63,1127170
467,2018-02-06,1.4,1.7,1.4,1.67,524102
468,2018-02-05,1.4,1.48,1.36,1.45,202297
469,2018-02-02,1.45,1.45,1.33,1.41,238007
470,2018-02-01,1.38,1.5,1.3377,1.44,360460
471,2018-01-31,1.35,1.36,1.28,1.35,238288
472,2018-01-30,1.4,1.4,1.2801,1.3,206169
473,2018-01-29,1.3,1.44,1.26,1.42,595656
474,2018-01-26,1.16,1.34,1.16,1.25,275183
475,2018-01-25,1.19,1.22,1.15,1.17,250667
476,2018-01-24,1.2,1.2329,1.16,1.17,326303
477,2018-01-23,1.17,1.2,1.1562,1.16,55556
478,2018-01-22,1.13,1.1899,1.12,1.16,190060
479,2018-01-19,1.0906,1.15,1.0906,1.12,31475
480,2018-01-18,1.132,1.2,1.07,1.115,133395
481,2018-01-17,1.14,1.1805,1.12,1.12,106644
482,2018-01-16,1.23,1.23,1.12,1.15,132043
483,2018-01-12,1.18,1.21,1.16,1.19,42570
484,2018-01-11,1.15,1.204,1.15,1.185,133221
485,2018-01-10,1.21,1.2376,1.12,1.15,123197
486,2018-01-09,1.17,1.2,1.17,1.1898,258898
487,2018-01-08,1.16,1.199,1.07,1.1742,185159
488,2018-01-05,1.08,1.2,1.08,1.189,378364
489,2018-01-04,1.04,1.07,1.04,1.07,36942
490,2018-01-03,1.0204,1.07,1.01,1.03,98917
491,2018-01-02,1.02,1.04,1.0041,1.02,135682
492,2017-12-29,1.05,1.07,0.97,1.01,214948
493,2017-12-28,1.03,1.07,1.02,1.02,133442
494,2017-12-27,1.03,1.1,1.02,1.0201,216576
495,2017-12-26,1.06,1.1,0.99,1.03,189221
496,2017-12-22,1.02,1.1,1.02,1.1,57703
497,2017-12-21,1.05,1.0989,1.02,1.04,153965
498,2017-12-20,1.01,1.15,1.003,1.03,224464
499,2017-12-19,0.9627,1.04,0.9627,1.01,149641
500,2017-12-18,1.04,1.04,0.962,0.99,162443
501,2017-12-15,0.91,1.06,0.905,1.02,554378
502,2017-12-14,0.94,1.0,0.9,0.91,432823
503,2017-12-13,0.9341,0.95,0.9,0.9399,83253
504,2017-12-12,0.92,0.95,0.882,0.95,121749
505,2017-12-11,0.9001,0.95,0.9,0.92,90312
506,2017-12-08,0.92,0.92,0.8653,0.9,55104
507,2017-12-07,0.88,0.95,0.86,0.91,143863
508,2017-12-06,0.91,0.9399,0.85,0.89,60190
509,2017-12-05,0.95,0.971,0.9,0.9001,178596
510,2017-12-04,0.99,0.99,0.971,0.99,28450
511,2017-12-01,0.99,0.99,0.96,0.98,142416
512,2017-11-30,0.9709,1.0,0.96,0.97,98781
513,2017-11-29,1.0,1.0,0.92,0.968,85978
514,2017-11-28,0.98,1.0,0.96,0.96,37086
515,2017-11-27,1.03,1.04,0.98,0.985,126616
516,2017-11-24,1.0,1.04,0.961,1.0,42487
517,2017-11-22,0.99,1.02,0.961,0.98,126709
518,2017-11-21,1.0,1.01,0.97,0.99,136690
519,2017-11-20,1.01,1.01,0.97,0.97,103944
520,2017-11-17,1.01,1.01,0.915,1.01,191180
521,2017-11-16,1.01,1.01,0.96,1.0,61060
522,2017-11-15,1.02,1.05,0.96,1.0,62866
523,2017-11-14,1.0,1.05,0.969,1.0,32778
524,2017-11-13,1.028,1.04,0.964,0.964,38862
525,2017-11-10,1.05,1.05,1.02,1.02,22906
526,2017-11-09,1.0,1.019,1.0,1.0,15276
527,2017-11-08,1.015,1.015,1.0,1.0,68286
528,2017-11-07,1.005,1.05,1.0,1.02,20372
529,2017-11-06,1.05,1.054,1.0,1.02,43466
530,2017-11-03,1.01,1.09,1.0,1.02,22510
531,2017-11-02,1.05,1.08,1.0,1.04,13678
532,2017-11-01,1.006,1.09,1.0,1.06,32159
533,2017-10-31,1.05,1.085,1.012,1.03,18982
534,2017-10-30,1.023,1.086,1.023,1.086,10391
535,2017-10-27,1.03,1.06,1.0,1.04,36329
536,2017-10-26,0.952,1.05,0.952,1.0,52648
537,2017-10-25,0.95,1.05,0.95,1.01,39791
538,2017-10-24,1.05,1.097,0.97,0.983,80889
539,2017-10-23,1.04,1.11,1.025,1.04,56740
540,2017-10-20,1.08,1.08,1.01,1.04,159567
541,2017-10-19,1.1,1.1,1.05,1.07,22100
542,2017-10-18,1.09,1.13,1.05,1.07,40588
543,2017-10-17,1.05,1.084,1.05,1.06,30291
544,2017-10-16,1.11,1.14,1.0,1.08,157901
545,2017-10-13,1.15,1.186,1.11,1.13,61702
546,2017-10-12,1.17,1.22,1.15,1.16,54788
547,2017-10-11,1.2,1.239,1.14,1.19,45293
548,2017-10-10,1.25,1.3,1.2,1.22,74540
549,2017-10-09,1.3,1.3,1.19,1.29,199820
550,2017-10-06,1.25,1.29,1.18,1.29,306309
551,2017-10-05,1.11,1.2,1.11,1.19,71265
552,2017-10-04,1.25,1.27,1.12,1.14,209445
553,2017-10-03,1.2,1.28,1.19,1.25,353288
554,2017-10-02,1.25,1.25,1.09,1.18,868638
555,2017-09-29,1.1,1.22,1.06,1.11,343312
556,2017-09-28,1.02,1.06,1.01,1.05,45689
557,2017-09-27,1.0,1.04,0.97,1.02,67988
558,2017-09-26,1.02,1.079,1.0,1.0,107193
559,2017-09-25,1.05,1.1,1.01,1.04,78207
560,2017-09-22,1.0,1.06,1.0,1.04,74988
561,2017-09-21,0.996,1.07,0.96,1.01,124199
562,2017-09-20,0.95,1.0,0.95,0.971,105967
563,2017-09-19,1.04,1.04,0.95,0.997,190589
564,2017-09-18,0.99,1.02,0.882,1.02,176225
565,2017-09-15,0.89,0.955,0.85,0.942,249956
566,2017-09-14,0.891,0.92,0.85,0.89,186891
567,2017-09-13,0.91,0.945,0.86,0.9,320159
568,2017-09-12,0.96,0.999,0.9,0.92,105550
569,2017-09-11,0.908,0.98,0.87,0.966,102079
570,2017-09-08,1.0,1.0,0.8,0.875,607595
571,2017-09-07,1.05,1.05,0.85,1.0,526796
572,2017-09-06,1.1,1.1,1.0,1.0,94683
573,2017-09-05,1.1,1.125,1.05,1.1,46853
574,2017-09-01,1.1,1.15,1.05,1.05,45281
575,2017-08-31,1.2,1.2,1.05,1.05,52228
576,2017-08-30,1.1,1.195,1.1,1.195,35118
577,2017-08-29,1.05,1.15,1.05,1.125,71874
578,2017-08-28,1.15,1.15,1.05,1.05,64215
579,2017-08-25,1.2,1.2,1.05,1.15,106458
580,2017-08-24,1.15,1.2,1.1,1.15,30120
581,2017-08-23,1.11,1.2,1.1,1.15,16500
582,2017-08-22,1.15,1.2,1.15,1.15,40330
583,2017-08-21,1.1,1.175,1.1,1.15,16897
584,2017-08-18,1.24,1.24,1.0,1.175,102268
585,2017-08-17,1.15,1.25,1.125,1.2,69383
586,2017-08-16,1.3,1.3,1.1,1.2,109876
587,2017-08-15,1.275,1.29,1.2,1.2,71190
588,2017-08-14,1.26,1.3,1.2,1.225,55391
589,2017-08-11,1.25,1.3,1.2,1.25,21533
590,2017-08-10,1.3,1.3,1.25,1.25,42576
591,2017-08-09,1.3,1.3,1.25,1.25,64209
592,2017-08-08,1.3,1.3,1.25,1.25,20251
593,2017-08-07,1.3,1.336,1.25,1.3,78616
594,2017-08-04,1.35,1.395,1.3,1.3,105168
595,2017-08-03,1.3,1.325,1.2,1.3,137651
596,2017-08-02,1.3,1.3,1.25,1.25,78847
597,2017-08-01,1.3,1.3,1.25,1.3,51362
598,2017-07-31,1.3,1.35,1.2,1.3,198131
599,2017-07-28,1.25,1.35,1.2,1.25,596941
600,2017-07-27,1.35,1.35,1.2,1.25,290773
601,2017-07-26,1.3,1.3,1.25,1.25,158087
602,2017-07-25,1.3,1.35,1.25,1.25,233963
603,2017-07-24,1.3,1.35,1.25,1.3,186577
604,2017-07-21,1.35,1.35,1.25,1.25,252629
605,2017-07-20,1.3,1.4,1.25,1.35,649522
606,2017-07-19,1.45,1.61,1.45,1.45,29197
607,2017-07-18,1.5,1.5,1.35,1.4,42059
608,2017-07-17,1.4,1.505,1.35,1.35,45340
609,2017-07-14,1.45,1.525,1.35,1.375,31731
610,2017-07-13,1.5723,1.6,1.35,1.45,27405
611,2017-07-12,1.4,1.4,1.35,1.4,10083
612,2017-07-11,1.4,1.4,1.35,1.35,17675
613,2017-07-10,1.45,1.45,1.3,1.35,66402
614,2017-07-07,1.35,1.545,1.35,1.4,23062
615,2017-07-06,1.4,1.41,1.3,1.375,19188
616,2017-07-05,1.495,1.55,1.4,1.4,33060
617,2017-07-03,1.45,1.45,1.4,1.4,13870
618,2017-06-30,1.55,1.55,1.4,1.45,22262
619,2017-06-29,1.6,1.7,1.3,1.5,52353
620,2017-06-28,1.65,1.7,1.55,1.6,68591
621,2017-06-27,1.5,1.7,1.45,1.6,104721
622,2017-06-26,1.2,1.65,1.2,1.45,275081
623,2017-06-23,1.2,1.2,1.15,1.2,28523
624,2017-06-22,1.2,1.25,1.15,1.2,56621
625,2017-06-21,1.15,1.2,1.139,1.2,25223
626,2017-06-20,1.1,1.15,1.1,1.105,31629
627,2017-06-19,1.15,1.195,1.1,1.1,17965
628,2017-06-16,1.2,1.2,1.15,1.15,17595
629,2017-06-15,1.15,1.25,1.15,1.15,13074
630,2017-06-14,1.2,1.2,1.15,1.15,35276
631,2017-06-13,1.2,1.2,1.1,1.15,26456
632,2017-06-12,1.15,1.2,1.15,1.15,30177
633,2017-06-09,1.15,1.2,1.15,1.2,13069
634,2017-06-08,1.2,1.2,1.15,1.15,45865
635,2017-06-07,1.2,1.25,1.2,1.2,19046
636,2017-06-06,1.3,1.3,1.2,1.2,17930
637,2017-06-05,1.266,1.3,1.2,1.25,22773
638,2017-06-02,1.2,1.3,1.2,1.25,27962
639,2017-06-01,1.295,1.3,1.25,1.25,26823
640,2017-05-31,1.3,1.35,1.2,1.2,36878
641,2017-05-30,1.35,1.375,1.31,1.339,18502
642,2017-05-26,1.5,1.51,1.35,1.4,30545
643,2017-05-25,1.4,1.7,1.4,1.5,109555
644,2017-05-24,1.25,1.35,1.25,1.3,26130
645,2017-05-23,1.25,1.35,1.25,1.3,13545
646,2017-05-22,1.255,1.35,1.225,1.3,11805
647,2017-05-19,1.25,1.35,1.2,1.25,55816
648,2017-05-18,1.3,1.4,1.2,1.25,126647
649,2017-05-17,1.45,1.5,1.25,1.25,72822
650,2017-05-16,1.5,1.525,1.4,1.45,12349
651,2017-05-15,1.526,1.6,1.45,1.55,71722
652,2017-05-12,1.5,1.55,1.46,1.55,20194
653,2017-05-11,1.55,1.55,1.5,1.55,7174
654,2017-05-10,1.5,1.7,1.25,1.65,129059
655,2017-05-09,1.45,1.5,1.421,1.45,9515
656,2017-05-08,1.4,1.45,1.3,1.4,121811
657,2017-05-05,1.35,1.59,1.35,1.425,23961
658,2017-05-04,1.4,1.5,1.3,1.45,45479
659,2017-05-03,1.6,1.605,1.35,1.41,180368
660,2017-05-02,1.65,1.65,1.6,1.6,34913
661,2017-05-01,1.75,1.75,1.6,1.6,50371
662,2017-04-28,1.75,1.8,1.7,1.75,6214
663,2017-04-27,1.7,1.8,1.675,1.75,10575
664,2017-04-26,1.7,1.75,1.65,1.7,12170
665,2017-04-25,1.8,1.8,1.65,1.65,4874
666,2017-04-24,1.7,1.795,1.6,1.7,22943
667,2017-04-21,1.788,1.788,1.65,1.65,31662
668,2017-04-20,1.85,1.855,1.7,1.7,23714
669,2017-04-19,1.75,1.845,1.75,1.75,24118
670,2017-04-18,1.7,1.9,1.6,1.85,48579
671,2017-04-17,1.8,1.8,1.7,1.75,19916
672,2017-04-13,1.75,1.75,1.675,1.75,10133
673,2017-04-12,1.7,1.75,1.65,1.725,38539
674,2017-04-11,1.764,1.8,1.7,1.7,23481
675,2017-04-10,1.8,1.85,1.775,1.775,27880
676,2017-04-07,1.95,1.95,1.85,1.85,25155
677,2017-04-06,1.85,1.95,1.75,1.9,37791
678,2017-04-05,2.0,2.0,1.8,1.8,25239
679,2017-04-04,2.0,2.05,1.85,1.9,112761
680,2017-04-03,1.8,1.89,1.8,1.8,23659
681,2017-03-31,2.007,2.007,1.8,1.8,38809
682,2017-03-30,2.04,2.4,1.9,1.9,210180
683,2017-03-29,1.9,2.05,1.9,2.025,25923
684,2017-03-28,2.05,2.075,1.95,1.95,14687
685,2017-03-27,2.0,2.1,2.0,2.05,5585
686,2017-03-24,2.087,2.087,2.0,2.0,8513
687,2017-03-23,1.95,2.0,1.95,2.0,2257
688,2017-03-22,1.905,2.1,1.9,2.05,25089
689,2017-03-21,2.0,2.05,1.9,1.9,33240
690,2017-03-20,2.055,2.055,2.0,2.0,26050
691,2017-03-17,2.05,2.1,2.05,2.1,31079
692,2017-03-16,2.05,2.1,2.05,2.05,5506
693,2017-03-15,2.19,2.2,2.05,2.05,37949
694,2017-03-14,2.3,2.3,2.067,2.1,44301
695,2017-03-13,2.25,2.35,2.15,2.2,76598
696,2017-03-10,2.3,2.5,2.2,2.25,133386
697,2017-03-09,2.15,2.35,2.1,2.25,142907
698,2017-03-08,2.1,2.35,2.1,2.1,59577
699,2017-03-07,2.2,2.2,2.1,2.1,26795
700,2017-03-06,2.25,2.25,2.112,2.25,33406
701,2017-03-03,2.2,2.3,2.15,2.3,6418
702,2017-03-02,2.056,2.2,2.05,2.15,32621
703,2017-03-01,2.15,2.15,2.05,2.05,27523
704,2017-02-28,2.2,2.3,2.005,2.15,104084
705,2017-02-27,2.1,2.3,2.05,2.25,48692
706,2017-02-24,2.136,2.15,2.024,2.15,176068
707,2017-02-23,2.35,2.35,2.05,2.135,96796
708,2017-02-22,2.4,2.45,2.25,2.25,74556
709,2017-02-21,2.25,2.4,2.175,2.35,157212
710,2017-02-17,2.05,2.2,1.95,2.15,97549
711,2017-02-16,1.745,2.05,1.726,2.0,112128
712,2017-02-15,1.75,1.75,1.7,1.75,29974
713,2017-02-14,1.7,1.75,1.7,1.7,8000
714,2017-02-13,1.65,1.75,1.65,1.7,34405
715,2017-02-10,1.8,1.8,1.495,1.545,122802
716,2017-02-09,1.74,1.85,1.7,1.75,24994
717,2017-02-08,1.719,1.8,1.7,1.7,3458
718,2017-02-07,1.8,1.8,1.7,1.7,30208
719,2017-02-06,1.7,1.8,1.7,1.78,8665
720,2017-02-03,1.8,1.8,1.75,1.75,9270
721,2017-02-02,1.8,1.8,1.65,1.8,24259
722,2017-02-01,1.8,1.8,1.65,1.75,3399
723,2017-01-31,1.75,1.8,1.65,1.8,38253
724,2017-01-30,1.9,1.9,1.75,1.75,15091
725,2017-01-27,1.8,1.9,1.8,1.9,6966
726,2017-01-26,1.8,1.9,1.8,1.85,12191
727,2017-01-25,1.8,1.8,1.75,1.75,31598
728,2017-01-24,1.711,1.75,1.6975,1.7247,29252
729,2017-01-23,1.81,1.85,1.75,1.75,15664
730,2017-01-20,1.9371,1.94,1.65,1.8,59996
731,2017-01-19,1.85,1.95,1.85,1.95,4491
732,2017-01-18,1.955,2.0,1.8,1.85,24560
733,2017-01-17,2.0,2.0,1.85,1.95,68066
734,2017-01-13,1.9,2.1905,1.8981,2.05,114671
735,2017-01-12,1.89,1.89,1.8,1.85,25563
736,2017-01-11,1.85,1.9,1.8,1.85,34643
737,2017-01-10,1.95,1.95,1.85,1.85,30050
738,2017-01-09,2.0,2.0,1.9,1.9,10971
739,2017-01-06,1.85,2.05,1.8,1.95,87393
740,2017-01-05,2.055,2.095,2.0,2.05,8799
741,2017-01-04,2.1,2.1369,2.0,2.0,39891
742,2017-01-03,1.85,2.1,1.85,2.05,46082
743,2016-12-30,1.95,2.05,1.65,1.75,160635
744,2016-12-29,2.1,2.15,1.9,1.9,109206
745,2016-12-28,2.25,2.25,2.1,2.1,49508
746,2016-12-27,2.245,2.3,2.2,2.2,16865
747,2016-12-23,2.15,2.25,2.15,2.25,23294
748,2016-12-22,2.1633,2.25,2.15,2.15,18109
749,2016-12-21,2.245,2.3,2.15,2.15,26318
750,2016-12-20,2.3,2.3,2.1,2.25,59886
751,2016-12-19,2.2968,2.35,2.25,2.25,7948
752,2016-12-16,2.25,2.35,2.2,2.3,17878
753,2016-12-15,2.25,2.35,2.1,2.2,57172
754,2016-12-14,2.4,2.4,2.25,2.25,26949
755,2016-12-13,2.25,2.5,2.225,2.4,86364
756,2016-12-12,2.15,2.3879,2.15,2.25,31289
757,2016-12-09,2.3,2.4,2.1,2.2,27972
758,2016-12-08,2.45,2.45,2.25,2.3,30179
759,2016-12-07,2.325,2.4,2.325,2.35,13378
760,2016-12-06,2.4,2.428,2.25,2.3,34491
761,2016-12-05,2.3,2.45,2.3,2.35,25247
762,2016-12-02,2.15,2.275,2.15,2.275,4707
763,2016-12-01,2.45,2.495,2.1,2.15,34441
764,2016-11-30,2.45,2.5,2.3,2.34,34579
765,2016-11-29,2.6,2.6,2.35,2.375,42725
766,2016-11-28,2.2,2.7,2.2,2.55,76540
767,2016-11-25,2.0,2.3,2.0,2.3,33771
768,2016-11-23,2.1792,2.2,1.95,1.95,22045
769,2016-11-22,2.15,2.2,2.05,2.1,19702
770,2016-11-21,2.1,2.2367,2.1,2.1,23675
771,2016-11-18,2.1868,2.25,2.1,2.2334,23017
772,2016-11-17,2.1,2.3,2.1,2.15,22072
773,2016-11-16,2.15,2.3,2.05,2.05,46826
774,2016-11-15,1.95,2.245,1.9,2.2,61000
775,2016-11-14,1.7,1.95,1.7,1.95,45899
776,2016-11-11,1.75,1.95,1.75,1.9,14577
777,2016-11-10,1.65,1.9,1.65,1.85,28452
778,2016-11-09,1.6,1.95,1.6,1.85,23305
779,2016-11-08,1.8373,1.8373,1.35,1.65,98624
780,2016-11-07,1.75,1.85,1.75,1.8,14706
781,2016-11-04,1.65,1.845,1.65,1.75,34618
782,2016-11-03,1.95,1.95,1.525,1.7,125678
783,2016-11-02,2.25,2.25,1.7,1.9,184352
784,2016-11-01,2.34,2.45,2.2,2.25,127339
785,2016-10-31,2.1,2.3,2.0,2.3,103366
786,2016-10-28,2.24,2.24,2.1389,2.14,34045
787,2016-10-27,2.3,2.3617,2.2,2.23,41709
788,2016-10-26,2.51,2.51,2.3,2.3,12477
789,2016-10-25,2.55,2.71,2.39,2.41,140301
790,2016-10-24,2.56,2.72,2.43,2.47,52891
791,2016-10-21,2.4329,2.66,2.4329,2.58,53954
792,2016-10-20,2.35,2.52,2.318,2.45,22295
793,2016-10-19,2.29,2.36,2.27,2.31,78792
794,2016-10-18,2.271,2.34,2.27,2.27,2388
795,2016-10-17,2.3,2.31,2.2501,2.31,20319
796,2016-10-14,2.322,2.33,2.25,2.27,25510
797,2016-10-13,2.3199,2.44,2.31,2.35,12165
798,2016-10-12,2.36,2.36,2.3,2.32,12016
799,2016-10-11,2.4306,2.4521,2.32,2.39,23992
800,2016-10-10,2.37,2.5,2.37,2.45,22428
801,2016-10-07,2.45,2.45,2.37,2.4,7603
802,2016-10-06,2.5,2.5001,2.34,2.43,38000
803,2016-10-05,2.4224,2.57,2.42,2.52,46377
804,2016-10-04,2.466,2.466,2.4,2.41,10301
805,2016-10-03,2.46,2.47,2.4,2.42,20508
806,2016-09-30,2.43,2.54,2.4,2.48,70368
807,2016-09-29,2.58,2.5889,2.37,2.43,76811
808,2016-09-28,2.57,2.7058,2.46,2.56,230060
809,2016-09-27,2.32,2.63,2.28,2.31,600907
810,2016-09-26,2.326,2.33,2.16,2.29,120432
811,2016-09-23,2.23,2.36,2.22,2.32,66768
812,2016-09-22,2.31,2.31,2.15,2.18,64757
813,2016-09-21,2.3,2.3,2.24,2.26,13386
814,2016-09-20,2.25,2.34,2.24,2.28,30732
815,2016-09-19,2.4,2.4999,2.2,2.25,221816
816,2016-09-16,3.0484,3.16,2.31,2.31,412104
817,2016-09-15,3.07,3.28,2.88,3.1,164010
818,2016-09-14,2.87,3.0704,2.84,3.03,194054
819,2016-09-13,2.61,2.91,2.39,2.85,297170
820,2016-09-12,2.52,2.62,2.3,2.53,160096
821,2016-09-09,2.52,2.55,2.46,2.54,76182
822,2016-09-08,2.42,2.51,2.4,2.5,512844
823,2016-09-07,2.5,2.51,2.44,2.45,66844
824,2016-09-06,2.31,2.5,2.16,2.48,140049
825,2016-09-02,2.2796,2.34,2.27,2.31,66109
826,2016-09-01,2.25,2.34,2.25,2.34,11030
827,2016-08-31,2.26,2.37,2.22,2.27,21759
828,2016-08-30,2.36,2.39,2.25,2.27,52445
829,2016-08-29,2.2688,2.35,2.25,2.35,41474
830,2016-08-26,2.29,2.29,2.21,2.28,2350
831,2016-08-25,2.2239,2.25,2.15,2.2,18902
832,2016-08-24,2.2799,2.28,2.2101,2.2101,16043
833,2016-08-23,2.28,2.31,2.25,2.25,35810
834,2016-08-22,2.3,2.3317,2.27,2.29,12725
835,2016-08-19,2.2304,2.27,2.2304,2.2379,28375
836,2016-08-18,2.25,2.29,2.2199,2.29,23465
837,2016-08-17,2.2534,2.27,2.2101,2.24,13708
838,2016-08-16,2.28,2.28,2.28,2.28,203
839,2016-08-15,2.26,2.3492,2.26,2.28,14702
840,2016-08-12,2.28,2.3,2.2501,2.2899,6181
841,2016-08-11,2.268,2.29,2.14,2.26,21057
842,2016-08-10,2.3396,2.38,2.21,2.24,23038
843,2016-08-09,2.4,2.401,2.3,2.33,112528
844,2016-08-08,2.4,2.49,2.375,2.425,81417
845,2016-08-05,2.41,2.4492,2.36,2.3918,25740
846,2016-08-04,2.45,2.45,2.41,2.43,118914
847,2016-08-03,2.42,2.48,2.3801,2.45,40145
848,2016-08-02,2.36,2.48,2.3164,2.38,13941
849,2016-08-01,2.4,2.415,2.21,2.4,96691
850,2016-07-29,2.3322,2.4,2.3201,2.4,19502
851,2016-07-28,2.37,2.3999,2.3001,2.32,20667
852,2016-07-27,2.2,2.37,2.2,2.33,38525
853,2016-07-26,2.26,2.3,2.2,2.22,51747
854,2016-07-25,2.5,2.5,2.31,2.32,49055
855,2016-07-22,2.5,2.5,2.3101,2.44,247122
856,2016-07-21,2.75,2.8699,2.725,2.85,35475
857,2016-07-20,2.6849,2.74,2.65,2.74,18388
858,2016-07-19,2.55,2.75,2.54,2.75,23945
859,2016-07-18,2.5002,2.53,2.41,2.52,10505
860,2016-07-15,2.5197,2.53,2.489,2.5,12240
861,2016-07-14,2.6,2.694,2.46,2.52,46244
862,2016-07-13,2.69,2.7281,2.55,2.65,24725
863,2016-07-12,3.0811,3.0811,2.69,2.72,10919
864,2016-07-11,2.83,2.85,2.75,2.85,11424
865,2016-07-08,2.89,2.97,2.68,2.72,35469
866,2016-07-07,2.8,3.15,2.74,2.83,20509
867,2016-07-06,2.9249,2.9382,2.71,2.75,28025
868,2016-07-05,2.9,2.925,2.835,2.9,38987
869,2016-07-01,2.8801,2.95,2.87,2.89,17708
870,2016-06-30,2.9,3.0,2.79,2.89,11388
871,2016-06-29,3.0,3.23,2.79,2.88,36398
872,2016-06-28,2.94,3.005,2.81,2.89,34506
873,2016-06-27,3.05,3.05,2.86,2.89,28015
874,2016-06-24,2.75,3.03,2.75,3.01,63341
875,2016-06-23,3.0101,3.13,2.98,2.98,31527
876,2016-06-22,2.98,2.98,2.96,2.97,3320
877,2016-06-21,3.12,3.12,2.96,3.02,5227
878,2016-06-20,3.22,3.22,2.93,3.07,15680
879,2016-06-17,2.9101,3.14,2.9,3.14,9643
880,2016-06-16,2.9001,2.93,2.9,2.9,1768
881,2016-06-15,2.8859,3.0539,2.8859,2.96,8871
882,2016-06-14,2.97,2.97,2.8609,2.89,11298
883,2016-06-13,2.9552,2.9799,2.91,2.9466,5904
884,2016-06-10,2.92,3.05,2.825,3.01,21036
885,2016-06-09,2.91,2.99,2.8686,2.92,9223
886,2016-06-08,2.8701,2.98,2.8399,2.98,10236
887,2016-06-07,2.95,3.01,2.87,2.87,19712
888,2016-06-06,3.07,3.07,2.94,2.99,20264
889,2016-06-03,3.15,3.15,2.99,3.05,23577
890,2016-06-02,3.09,3.4,2.98,3.2,56931
891,2016-06-01,3.15,3.15,2.8766,3.02,18682
892,2016-05-31,3.19,3.3,3.0,3.05,63303
893,2016-05-27,2.55,3.13,2.55,3.06,94053
894,2016-05-26,2.45,2.7299,2.4,2.63,14285
895,2016-05-25,2.6653,2.6653,2.41,2.44,2725
896,2016-05-24,2.3101,2.45,2.26,2.44,16909
897,2016-05-23,2.45,2.6896,2.41,2.46,49968
898,2016-05-20,2.19,2.465,2.14,2.45,29705
899,2016-05-19,2.46,2.46,2.1888,2.19,33676
900,2016-05-18,2.3501,2.63,2.3501,2.44,42591
901,2016-05-17,2.57,2.63,2.36,2.39,55425
902,2016-05-16,2.2,2.81,2.1299,2.51,75601
903,2016-05-13,2.26,2.4999,2.0968,2.2,132501
904,2016-05-12,2.71,2.71,2.34,2.37,172959
905,2016-05-11,2.94,3.0255,2.65,2.71,51487
906,2016-05-10,3.21,3.21,2.51,3.08,131748
907,2016-05-09,3.13,3.4,3.13,3.26,23180
908,2016-05-06,3.47,3.52,3.1,3.22,83948
909,2016-05-05,3.63,3.714,3.4594,3.56,26371
910,2016-05-04,3.5,3.76,3.4,3.76,117665
911,2016-05-03,3.46,3.69,3.46,3.51,35700
912,2016-05-02,3.62,3.66,3.39,3.46,24781
913,2016-04-29,3.68,3.7268,3.52,3.53,5439
914,2016-04-28,3.77,3.8,3.57,3.59,12926
915,2016-04-27,3.71,3.9399,3.68,3.74,5615
916,2016-04-26,4.05,4.12,3.72,3.73,34351
917,2016-04-25,3.93,3.94,3.85,3.86,11620
918,2016-04-22,3.97,4.0,3.9,3.98,7316
919,2016-04-21,3.85,3.95,3.8433,3.94,4766
920,2016-04-20,3.8972,3.94,3.85,3.8511,7001
921,2016-04-19,3.96,3.96,3.685,3.87,16623
922,2016-04-18,3.72,4.07,3.72,4.01,35567
923,2016-04-15,3.78,3.78,3.67,3.77,12511
924,2016-04-14,3.59,3.715,3.59,3.7,17239
925,2016-04-13,3.7,3.72,3.56,3.64,17373
926,2016-04-12,3.62,3.7,3.6,3.6867,2608
927,2016-04-11,3.65,3.6899,3.53,3.6401,12668
928,2016-04-08,3.47,3.74,3.44,3.6701,16929
929,2016-04-07,3.8299,3.83,3.66,3.72,26688
930,2016-04-06,3.6936,3.8401,3.64,3.81,50780
931,2016-04-05,3.536,3.69,3.52,3.69,14817
932,2016-04-04,3.47,3.655,3.47,3.53,36046
933,2016-04-01,3.54,3.54,3.347,3.46,19289
934,2016-03-31,3.18,3.47,3.1501,3.4,45119
935,2016-03-30,3.39,3.58,3.12,3.22,66678
936,2016-03-29,3.45,3.65,3.31,3.335,162763
937,2016-03-28,3.15,3.49,3.06,3.4201,500974
938,2016-03-24,3.57,3.7,3.41,3.55,8795
939,2016-03-23,3.74,3.7644,3.5,3.57,31780
940,2016-03-22,3.5001,3.85,3.5,3.5901,44307
941,2016-03-21,3.59,3.7,3.59,3.63,7678
942,2016-03-18,3.29,3.8,3.29,3.57,32295
943,2016-03-17,3.4099,3.5,3.25,3.5,48691
944,2016-03-16,3.67,3.67,3.26,3.42,51640
945,2016-03-15,3.6835,3.8375,3.56,3.65,37196
946,2016-03-14,3.54,3.72,3.538,3.61,45357
947,2016-03-11,3.4,3.6123,3.4,3.51,33420
948,2016-03-10,3.3284,3.6,3.3,3.51,58344
949,2016-03-09,3.3,3.54,3.29,3.54,27397
950,2016-03-08,3.39,3.4666,3.314,3.32,6653
951,2016-03-07,3.1,3.36,3.0655,3.35,10042
952,2016-03-04,3.24,3.4,3.239,3.25,22423
953,2016-03-03,3.2,3.25,3.13,3.223,27876
954,2016-03-02,3.143,3.25,3.13,3.17,37451
955,2016-03-01,3.2299,3.36,3.16,3.19,16198
956,2016-02-29,3.44,3.45,3.353,3.4,16223
957,2016-02-26,3.4358,3.4358,3.25,3.3,4326
958,2016-02-25,3.35,3.35,3.07,3.22,8998
959,2016-02-24,3.26,3.404,3.2258,3.38,13863
960,2016-02-23,3.26,3.27,3.17,3.17,18084
961,2016-02-22,3.35,3.52,3.22,3.32,45056
962,2016-02-19,3.37,3.4589,3.25,3.38,8671
963,2016-02-18,3.5,3.515,3.16,3.337,10422
964,2016-02-17,3.13,3.57,3.13,3.47,13338
965,2016-02-16,3.24,3.4001,3.12,3.18,23045
966,2016-02-12,3.17,3.23,3.17,3.18,3506
967,2016-02-11,3.21,3.39,3.05,3.1501,26768
968,2016-02-10,3.16,3.2699,3.15,3.21,9604
969,2016-02-09,3.11,3.201,3.01,3.13,22242
970,2016-02-08,3.35,3.35,3.23,3.29,11903
971,2016-02-05,3.31,3.4,3.15,3.4,44800
972,2016-02-04,3.05,3.18,3.0,3.163,11099
973,2016-02-03,3.2092,3.2299,3.0,3.08,38908
974,2016-02-02,3.15,3.19,3.03,3.07,18161
975,2016-02-01,3.28,3.3352,3.05,3.13,19183
976,2016-01-29,3.13,3.32,3.0811,3.27,48396
977,2016-01-28,3.24,3.2724,3.1,3.1848,32901
978,2016-01-27,3.31,3.3799,3.17,3.18,34937
979,2016-01-26,3.5,3.569,3.36,3.38,72935
980,2016-01-25,3.64,3.89,3.49,3.5,18221
981,2016-01-22,3.68,3.9,3.46,3.65,76532
982,2016-01-21,4.25,4.25,3.3,3.669,101949
983,2016-01-20,4.08,4.34,3.86,4.28,155190
984,2016-01-19,4.31,4.31,3.99,4.1,177790
985,2016-01-15,4.04,4.33,4.0,4.25,52850
986,2016-01-14,4.25,4.4098,4.21,4.4,41426
987,2016-01-13,4.39,4.44,4.27,4.38,57816
988,2016-01-12,4.38,4.52,4.2955,4.39,89148
989,2016-01-11,4.3,4.38,4.16,4.36,173072
990,2016-01-08,4.2,4.33,4.102,4.2,105381
991,2016-01-07,4.0,4.32,4.0,4.22,146971
992,2016-01-06,4.3501,4.41,4.05,4.22,43604
993,2016-01-05,4.2101,4.5,4.2101,4.445,11595
994,2016-01-04,4.62,4.62,4.42,4.4275,24220
995,2015-12-31,4.61,4.75,4.44,4.75,43722
996,2015-12-30,4.75,4.81,4.6,4.66,34282
997,2015-12-29,4.9138,5.0,4.74,4.78,31925
998,2015-12-28,4.74,4.85,4.74,4.8,14435
999,2015-12-24,4.82,5.04,4.79,4.82,20239
1000,2015-12-23,5.1305,5.18,4.77,4.8,29583
1001,2015-12-22,5.2,5.35,4.9,5.06,162750
1002,2015-12-21,4.92,5.27,4.9,5.16,114950
1003,2015-12-18,5.05,5.17,4.81,4.92,110005
1004,2015-12-17,5.0,5.1,4.56,5.1,151467
1005,2015-12-16,4.15,5.07,3.9459,4.89,298118
1006,2015-12-15,3.21,4.07,3.21,3.89,229962
1007,2015-12-14,3.16,3.2,3.0,3.07,62537
1008,2015-12-11,3.29,3.41,3.17,3.19,15698
1009,2015-12-10,3.52,3.52,3.34,3.35,23776
1010,2015-12-09,3.4576,3.57,3.4576,3.495,18546
1011,2015-12-08,3.48,3.63,3.45,3.535,26609
1012,2015-12-07,3.7,3.7,3.45,3.59,43657
1013,2015-12-04,3.774,3.83,3.696,3.76,16451
1014,2015-12-03,3.869,3.869,3.71,3.73,20957
1015,2015-12-02,3.9,3.9,3.71,3.72,16665
1016,2015-12-01,4.21,4.21,3.82,3.91,49730
1017,2015-11-30,4.24,4.41,4.15,4.15,26276
1018,2015-11-27,4.11,4.247,4.11,4.23,4433
1019,2015-11-25,4.0,4.1896,3.9796,4.17,18814
1020,2015-11-24,3.92,4.02,3.92,3.9508,8913
1021,2015-11-23,3.79,3.98,3.72,3.96,27946
1022,2015-11-20,3.91,3.91,3.69,3.76,21778
1023,2015-11-19,3.92,3.96,3.73,3.81,26982
1024,2015-11-18,3.74,3.98,3.4,3.94,104366
1025,2015-11-17,3.94,3.94,3.686,3.7,107654
1026,2015-11-16,4.2,4.2,3.9,3.98,130276
1027,2015-11-13,4.1,4.36,3.89,4.225,97154
1028,2015-11-12,4.2,4.21,4.07,4.13,43715
1029,2015-11-11,4.09,4.2897,4.05,4.19,89856
1030,2015-11-10,4.0,4.1,3.96,4.05,78677
1031,2015-11-09,4.05,4.054,3.86,3.99,73257
1032,2015-11-06,4.08,4.1,3.81,4.04,168717
1033,2015-11-05,4.05,4.1,3.88,4.03,125420
1034,2015-11-04,4.41,4.44,3.861,4.07,143553
1035,2015-11-03,4.07,4.41,4.07,4.39,164548
1036,2015-11-02,4.07,4.15,4.0,4.08,179745
1037,2015-10-30,4.1,4.18,4.02,4.06,115811
1038,2015-10-29,4.14,4.23,3.9899,4.15,97104
1039,2015-10-28,4.15,4.19,4.05,4.09,164832
1040,2015-10-27,4.16,4.19,4.1,4.11,181121
1041,2015-10-26,4.13,4.19,4.12,4.16,128231
1042,2015-10-23,4.1,4.16,4.01,4.1001,110109
1043,2015-10-22,4.17,4.22,4.05,4.08,182919
1044,2015-10-21,4.38,4.39,4.1,4.17,168735
1045,2015-10-20,4.47,4.56,4.33,4.36,176465
1046,2015-10-19,4.48,4.6299,4.43,4.5,54904
1047,2015-10-16,4.4601,4.53,4.44,4.52,28004
1048,2015-10-15,4.51,4.65,4.46,4.5,111413
1049,2015-10-14,4.5,4.5999,4.37,4.46,61840
1050,2015-10-13,4.37,4.61,4.37,4.5,88701
1051,2015-10-12,4.38,4.51,4.31,4.46,47882
1052,2015-10-09,4.22,4.39,4.22,4.35,41136
1053,2015-10-08,4.18,4.27,4.13,4.24,26960
1054,2015-10-07,4.2,4.2,4.09,4.16,26656
1055,2015-10-06,4.1,4.3,4.06,4.24,48484
1056,2015-10-05,4.14,4.22,3.9433,4.1,37436
1057,2015-10-02,3.99,4.11,3.87,4.07,125470
1058,2015-10-01,4.44,4.45,3.95,4.0,156469
1059,2015-09-30,4.25,4.47,4.0,4.45,59265
1060,2015-09-29,4.2,4.49,4.1,4.28,61632
1061,2015-09-28,4.15,4.28,3.9,4.18,78624
1062,2015-09-25,4.58,4.58,4.13,4.18,70080
1063,2015-09-24,4.55,4.6,4.42,4.57,57460
1064,2015-09-23,4.72,4.74,4.56,4.56,20137
1065,2015-09-22,4.8,4.8192,4.65,4.76,23230
1066,2015-09-21,5.0,5.01,4.68,4.81,77523
1067,2015-09-18,4.9,5.1899,4.82,4.94,122099
1068,2015-09-17,4.82,4.97,4.8,4.84,38686
1069,2015-09-16,4.8101,4.93,4.8,4.82,15043
1070,2015-09-15,4.88,4.95,4.84,4.9099,22107
1071,2015-09-14,4.9,4.9,4.76,4.82,44668
1072,2015-09-11,4.96,5.15,4.75,4.9,41578
1073,2015-09-10,4.87,5.1,4.86,5.08,12627
1074,2015-09-09,5.03,5.12,4.9,4.96,39234
1075,2015-09-08,4.88,5.02,4.82,5.01,31049
1076,2015-09-04,4.8499,5.05,4.84,5.05,10331
1077,2015-09-03,4.894,4.9399,4.79,4.88,16097
1078,2015-09-02,4.95,4.95,4.61,4.81,27779
1079,2015-09-01,4.9,5.02,4.83,4.918,24010
1080,2015-08-31,5.12,5.12,4.91,4.91,24903
1081,2015-08-28,5.1,5.2,5.05,5.15,12667
1082,2015-08-27,4.94,5.14,4.94,5.02,27085
1083,2015-08-26,5.1,5.1,4.45,5.06,43007
1084,2015-08-25,5.16,5.16,4.86,5.05,27461
1085,2015-08-24,5.07,5.083,4.44,5.03,65759
1086,2015-08-21,4.98,5.1799,4.87,5.08,40354
1087,2015-08-20,5.3999,5.3999,4.84,4.96,52279
1088,2015-08-19,5.51,5.74,5.05,5.18,93343
1089,2015-08-18,5.45,5.8,5.19,5.4,159994
1090,2015-08-17,4.63,5.42,4.6,5.3906,187541
1091,2015-08-14,4.65,4.762,4.4801,4.56,50009
1092,2015-08-13,4.8429,4.88,4.62,4.62,34121
1093,2015-08-12,4.9,4.91,4.72,4.82,41264
1094,2015-08-11,4.8,4.92,4.8,4.9,40173
1095,2015-08-10,4.61,4.75,4.61,4.67,25323
1096,2015-08-07,4.471,4.75,4.471,4.56,11045
1097,2015-08-06,4.53,4.81,4.5249,4.54,30933
1098,2015-08-05,4.66,4.72,4.55,4.698,21250
1099,2015-08-04,4.75,4.75,4.26,4.59,47884
1100,2015-08-03,4.82,4.86,4.4494,4.725,82088
1101,2015-07-31,4.9,5.0,4.845,4.91,13745
1102,2015-07-30,5.05,5.14,4.9,4.94,21897
1103,2015-07-29,5.0,5.13,5.0,5.1052,11963
1104,2015-07-28,4.9,5.063,4.9,5.032,10455
1105,2015-07-27,4.85,4.99,4.8,4.9,16964
1106,2015-07-24,5.15,5.2,4.81,4.92,41191
1107,2015-07-23,5.16,5.31,5.1401,5.25,9606
1108,2015-07-22,5.02,5.2459,5.0,5.22,15156
1109,2015-07-21,5.03,5.19,4.9,5.03,31667
1110,2015-07-20,5.2,5.2,4.9101,4.99,44173
1111,2015-07-17,5.34,5.4299,5.02,5.23,75965
1112,2015-07-16,5.13,5.277,5.07,5.13,38473
1113,2015-07-15,5.4,5.65,5.02,5.03,81060
1114,2015-07-14,5.3413,5.35,5.15,5.34,72757
1115,2015-07-13,5.16,5.71,5.0,5.22,35309
1116,2015-07-10,5.28,5.44,5.1101,5.14,36716
1117,2015-07-09,5.0328,5.16,5.0001,5.16,19445
1118,2015-07-08,5.285,5.285,4.95,5.03,42321
1119,2015-07-07,5.23,5.37,5.13,5.3,21540
1120,2015-07-06,5.54,5.65,5.15,5.36,55579
1121,2015-07-02,5.23,5.47,5.15,5.47,37899
1122,2015-07-01,5.29,5.582,5.08,5.16,54299
1123,2015-06-30,5.5,5.66,5.21,5.25,70131
1124,2015-06-29,5.7,5.7,5.18,5.47,86179
1125,2015-06-26,5.25,5.86,5.02,5.65,163055
1126,2015-06-25,5.15,5.31,4.96,5.3,34335
1127,2015-06-24,5.24,5.28,5.01,5.2,55476
1128,2015-06-23,5.25,5.5,4.9,5.02,130875
1129,2015-06-22,4.66,5.15,4.48,5.15,97383
1130,2015-06-19,4.7,4.93,4.4,4.82,96488
1131,2015-06-18,4.69,4.85,4.5437,4.75,26962
1132,2015-06-17,5.04,5.04,4.55,4.57,37454
1133,2015-06-16,5.0,5.15,4.7,4.83,101224
1134,2015-06-15,4.85,5.1489,4.5,4.89,84278
1135,2015-06-12,4.25,4.9899,4.2,4.87,100740
1136,2015-06-11,4.12,4.16,4.09,4.11,11830
1137,2015-06-10,4.05,4.2,4.0,4.16,18560
1138,2015-06-09,4.21,4.21,3.92,4.05,51526
1139,2015-06-08,4.25,4.29,4.1168,4.14,54662
1140,2015-06-05,4.43,4.43,4.06,4.2399,207445
1141,2015-06-04,4.5,4.5,4.35,4.43,17297
1142,2015-06-03,4.72,4.75,4.31,4.5,45256
1143,2015-06-02,4.7101,4.8699,4.5,4.64,41203
1144,2015-06-01,4.79,4.87,4.75,4.75,12074
1145,2015-05-29,4.77,4.88,4.73,4.84,12086
1146,2015-05-28,4.9699,4.9699,4.665,4.73,17413
1147,2015-05-27,4.91,4.91,4.59,4.756,30106
1148,2015-05-26,5.05,5.05,4.74,4.84,24450
1149,2015-05-22,5.06,5.1195,4.88,5.0723,12960
1150,2015-05-21,4.946,5.09,4.8,5.06,17178
1151,2015-05-20,4.92,4.92,4.62,4.8,44688
1152,2015-05-19,4.61,4.7918,4.38,4.65,79323
1153,2015-05-18,4.66,4.8899,4.61,4.654,35628
1154,2015-05-15,4.89,5.15,4.702,4.88,16323
1155,2015-05-14,4.9,5.05,4.8,4.95,8059
1156,2015-05-13,4.9101,5.01,4.9,4.92,11632
1157,2015-05-12,5.0,5.14,4.69,5.1,46753
1158,2015-05-11,4.83,5.195,4.75,5.1637,47329
1159,2015-05-08,4.71,5.03,4.6925,4.89,18733
1160,2015-05-07,4.86,4.88,4.62,4.72,28505
1161,2015-05-06,5.0,5.035,4.3,4.91,212761
1162,2015-05-05,5.3,5.4199,5.01,5.02,27719
1163,2015-05-04,5.06,5.5,5.06,5.21,44428
1164,2015-05-01,5.29,5.29,5.02,5.11,22748
1165,2015-04-30,5.2,5.27,5.05,5.27,32622
1166,2015-04-29,5.26,5.5,5.11,5.17,77660
1167,2015-04-28,5.19,5.38,5.04,5.23,64059
1168,2015-04-27,5.38,5.65,5.15,5.15,116665
1169,2015-04-24,5.2,5.44,5.11,5.37,40339
1170,2015-04-23,5.38,5.5,5.279,5.28,53070
1171,2015-04-22,5.37,5.7299,5.12,5.3962,48711
1172,2015-04-21,5.46,5.72,5.24,5.44,37425
1173,2015-04-20,5.54,5.6,5.25,5.4501,78038
1174,2015-04-17,5.69,5.69,5.391,5.53,43544
1175,2015-04-16,5.853,5.853,5.42,5.6,160453
1176,2015-04-15,5.94,6.24,5.7708,5.89,268698
1177,2015-04-14,5.99,6.05,5.64,5.88,167807
1178,2015-04-13,5.64,5.96,5.507,5.93,140819
1179,2015-04-10,5.74,5.74,5.4201,5.58,64851
1180,2015-04-09,5.87,5.949,5.552,5.67,128047
1181,2015-04-08,5.37,5.86,5.37,5.86,105267
1182,2015-04-07,5.76,6.14,5.27,5.4,243497
1183,2015-04-06,5.54,6.0,5.44,5.61,234707
1184,2015-04-02,5.86,6.056,5.55,5.6,364568
1185,2015-04-01,5.18,5.85,5.05,5.83,138453
1186,2015-03-31,4.7,5.4799,4.7,5.15,244063
1187,2015-03-30,5.22,5.22,4.71,4.84,50994
1188,2015-03-27,4.76,5.3,4.76,4.94,53206
1189,2015-03-26,4.78,4.78,4.5006,4.74,35590
1190,2015-03-25,5.04,5.04,4.58,4.85,69888
1191,2015-03-24,5.04,5.1633,4.9,4.9728,32178
1192,2015-03-23,5.35,5.35,4.87,5.07,54592
1193,2015-03-20,4.94,5.19,4.72,5.02,224712
1194,2015-03-19,4.81,5.22,4.8099,4.96,61487
1195,2015-03-18,5.1,5.36,4.58,4.9,83150
1196,2015-03-17,5.52,5.7,4.7,5.03,270546
1197,2015-03-16,6.04,6.1304,5.35,5.36,218850
1198,2015-03-13,5.6,6.09,5.4601,5.8,167307
1199,2015-03-12,5.45,5.74,5.33,5.52,61870
1200,2015-03-11,5.44,5.74,5.18,5.44,124013
1201,2015-03-10,5.65,5.85,5.22,5.35,270291
1202,2015-03-09,4.7,5.7,4.52,5.53,373579
1203,2015-03-06,4.4,4.76,4.3993,4.61,70120
1204,2015-03-05,4.15,4.366,4.15,4.33,45131
1205,2015-03-04,4.3,4.3,4.02,4.23,45885
1206,2015-03-03,4.4,4.4479,4.25,4.32,61986
1207,2015-03-02,4.34,4.5,4.25,4.3,18251
1208,2015-02-27,4.4,4.49,4.27,4.33,72290
1209,2015-02-26,4.09,4.4,4.0631,4.36,29828
1210,2015-02-25,4.05,4.19,3.9001,4.16,4795
1211,2015-02-24,4.3,4.3,3.78,4.07,29221
1212,2015-02-23,4.18,4.38,4.16,4.29,30200
1213,2015-02-20,4.22,4.377,4.083,4.17,89483
1214,2015-02-19,3.97,4.5,3.97,4.1999,83934
1215,2015-02-18,3.9,3.98,3.67,3.97,27170
1216,2015-02-17,4.14,4.2,3.75,3.88,49017
1217,2015-02-13,4.25,4.38,4.0,4.0,26516
1218,2015-02-12,4.23,4.45,4.06,4.06,37999
1219,2015-02-11,4.39,4.49,4.05,4.14,19126
1220,2015-02-10,4.37,4.445,4.16,4.29,17796
1221,2015-02-09,4.72,4.89,4.0,4.302,70573
1222,2015-02-06,4.64,4.7318,4.611,4.611,1200
1223,2015-02-05,4.6,4.6,4.45,4.53,19909
1224,2015-02-04,4.9499,4.9499,4.61,4.65,7970
1225,2015-02-03,4.96,4.98,4.35,4.72,23111
1226,2015-02-02,4.76,5.0,4.62,4.835,21946
1227,2015-01-30,4.82,4.899,4.6001,4.7514,28920
1228,2015-01-29,4.68,4.84,4.61,4.834,20150
1229,2015-01-28,5.0,5.0,4.585,4.735,30799
1230,2015-01-27,4.55,5.1,4.55,4.84,64508
1231,2015-01-26,4.46,4.46,4.1756,4.45,5950
1232,2015-01-23,4.06,4.46,4.05,4.38,4248
1233,2015-01-22,4.519,4.52,3.61,4.04,17178
1234,2015-01-21,4.39,4.55,4.16,4.47,64700
1235,2015-01-20,4.7,4.7,4.08,4.4,7066
1236,2015-01-16,4.5,4.57,4.04,4.52,36901
1237,2015-01-15,4.452,4.73,4.32,4.68,37132
1238,2015-01-14,4.45,4.58,4.11,4.58,24714
1239,2015-01-13,4.31,4.4399,3.92,4.36,25345
1240,2015-01-12,4.24,4.44,4.15,4.29,41603
1241,2015-01-09,4.05,4.1904,3.8,4.1904,12395
1242,2015-01-08,3.6,4.23,3.6,4.2278,73908
1243,2015-01-07,3.56,3.5601,3.5,3.55,8825
1244,2015-01-06,3.581,3.75,3.5,3.5,19465
1245,2015-01-05,3.99,3.99,3.5401,3.58,4750
1246,2015-01-02,3.55,3.8099,3.55,3.787,10354
1247,2014-12-31,3.6899,3.6899,3.5,3.5,14845
1248,2014-12-30,3.5001,3.6799,3.5,3.55,20400
1249,2014-12-29,3.5,3.85,3.5,3.52,8528
1250,2014-12-26,3.75,3.97,3.6,3.7501,25680
1251,2014-12-24,3.7601,3.9907,3.75,3.9907,14463
1252,2014-12-23,3.65,4.1187,3.5,3.8901,98302
1253,2014-12-22,2.8,4.44,2.8,3.75,285675
1254,2014-12-19,2.69,2.8,2.68,2.8,6349
1255,2014-12-18,2.78,2.98,2.65,2.7199,17900
1256,2014-12-17,2.75,2.75,2.65,2.65,19416
1257,2014-12-16,2.83,2.84,2.63,2.6899,8925
1258,2014-12-15,2.84,2.84,2.52,2.52,8334
1259,2014-12-12,2.84,2.84,2.7,2.7,1400
1260,2014-12-11,2.642,2.83,2.5,2.83,21914
1261,2014-12-10,2.54,2.63,2.5,2.6,6550
1262,2014-12-09,2.63,2.71,2.62,2.64,7700
1263,2014-12-08,2.6201,2.6201,2.6201,2.6201,420
1264,2014-12-05,2.89,2.89,2.89,2.89,400
1265,2014-12-04,2.89,2.9285,2.8001,2.89,10400
1266,2014-12-03,2.95,2.95,2.9,2.93,3465
1267,2014-12-02,2.67,2.86,2.67,2.86,12804
1268,2014-12-01,2.7723,2.8099,2.66,2.8099,7130
1269,2014-11-28,2.7811,2.7811,2.7811,2.7811,100
1270,2014-11-26,2.6501,2.6501,2.6501,2.6501,300
1271,2014-11-25,2.7,2.7,2.7,2.7,10
1272,2014-11-24,2.72,2.72,2.7,2.7,8069
1273,2014-11-21,2.74,2.88,2.65,2.88,7171
1274,2014-11-20,2.7,2.89,2.62,2.67,8800
1275,2014-11-19,2.9715,2.9715,2.76,2.76,6250
1276,2014-11-18,2.96,3.0835,2.8,2.8,23292
1277,2014-11-17,2.9999,3.0,2.96,2.96,7650
1278,2014-11-14,3.02,3.02,3.0,3.0001,3933
1279,2014-11-13,3.0,3.05,2.9201,3.04,6572
1280,2014-11-12,3.12,3.139,3.08,3.08,3100
1281,2014-11-11,3.06,3.06,3.0,3.0,4500
1282,2014-11-10,3.2532,3.28,3.12,3.12,3800
1283,2014-11-07,3.12,3.3,3.03,3.3,3250
1284,2014-11-06,3.33,3.33,3.16,3.18,49309
1285,2014-11-05,3.19,3.53,3.03,3.33,56393
1286,2014-11-04,3.2,3.21,3.1899,3.19,10430
1287,2014-11-03,3.3632,3.3632,3.2999,3.2999,3010
1288,2014-10-31,3.22,3.26,3.22,3.26,1000
1289,2014-10-30,3.07,3.21,2.9505,3.18,7700
1290,2014-10-29,2.9,3.08,2.9,3.08,716
1291,2014-10-28,3.43,3.43,2.91,2.91,11903
1292,2014-10-27,3.3999,3.4,3.3453,3.4,2000
1293,2014-10-24,3.38,3.4,3.1,3.4,7300
1294,2014-10-23,3.1,3.42,3.05,3.42,8924
1295,2014-10-22,3.06,3.09,3.06,3.09,1300
1296,2014-10-21,3.009,3.12,3.0,3.08,5400
1297,2014-10-20,3.2299,3.2299,3.1,3.1,3300
1298,2014-10-17,3.06,3.22,3.06,3.17,6656
1299,2014-10-16,3.15,3.2,3.1,3.1,2250
1300,2014-10-15,3.31,3.31,3.0,3.01,4909
1301,2014-10-14,3.366,3.43,3.32,3.32,7199
1302,2014-10-13,3.45,3.46,3.36,3.36,10350
1303,2014-10-10,3.55,3.55,3.4,3.43,14356
1304,2014-10-09,3.7399,3.7399,3.58,3.58,11325
1305,2014-10-08,3.87,3.87,3.66,3.68,2250
1306,2014-10-07,3.78,3.9,3.76,3.9,7160
1307,2014-10-06,3.59,3.897,3.55,3.85,22679
1308,2014-10-03,3.35,3.47,3.32,3.46,1200
1309,2014-10-02,3.6,3.6499,3.31,3.31,9875
1310,2014-10-01,3.64,3.65,3.5,3.5,3360
1311,2014-09-30,3.5,3.8599,3.5,3.85,10720
1312,2014-09-29,3.8,3.8,3.3,3.31,18584
1313,2014-09-26,4.0,4.0,3.81,3.9899,3670
1314,2014-09-25,3.9,4.0,3.9,3.9,3771
1315,2014-09-24,4.2,4.2,3.7,4.1,7571
1316,2014-09-23,4.17,4.25,4.17,4.18,7062
1317,2014-09-22,4.21,4.4148,4.17,4.17,7973
1318,2014-09-19,4.85,4.85,4.21,4.31,1825
1319,2014-09-18,4.85,4.85,4.1001,4.19,10730
1320,2014-09-17,4.26,4.8,4.05,4.45,16260
1321,2014-09-16,5.02,5.2,4.08,4.2,8990
1322,2014-09-15,4.65,4.7,4.3,4.35,2461
1323,2014-09-12,5.25,5.5,5.2,5.21,1650
